Time, C, R, AVG
4E-05, -1.518283E-07, -9.068552E-08, -1.208628E-07
8E-05, -1.55274E-07, -9.897568E-08, -1.267619E-07
0.00012, -1.598057E-07, -1.013883E-07, -1.302204E-07
0.00016, -1.677862E-07, -9.340732E-08, -1.301173E-07
0.0002, -1.741635E-07, -8.638666E-08, -1.297093E-07
0.00024, -1.76514E-07, -9.130395E-08, -1.333597E-07
0.00028, -1.743038E-07, -1.086096E-07, -1.410333E-07
0.00032, -1.676824E-07, -1.21545E-07, -1.443163E-07
0.00036, -1.645601E-07, -1.282446E-07, -1.461683E-07
0.0004, -1.713341E-07, -1.367369E-07, -1.538125E-07
0.00044, -1.803304E-07, -1.491803E-07, -1.645545E-07
0.00048, -1.854402E-07, -1.597626E-07, -1.724359E-07
0.00052, -1.793404E-07, -1.649742E-07, -1.720647E-07
0.00056, -1.695037E-07, -1.687023E-07, -1.690979E-07
0.0006, -1.624949E-07, -1.727515E-07, -1.676893E-07
0.00064, -1.560015E-07, -1.781668E-07, -1.672271E-07
0.00068, -1.514485E-07, -1.822457E-07, -1.670456E-07
0.00072, -1.523896E-07, -1.777432E-07, -1.652298E-07
0.00076, -1.648072E-07, -1.592899E-07, -1.62013E-07
0.0008, -1.798408E-07, -1.307538E-07, -1.549809E-07
0.00084, -1.881644E-07, -1.04654E-07, -1.458709E-07
0.0008799999, -1.822874E-07, -8.821644E-08, -1.346455E-07
0.00092, -1.70939E-07, -8.715808E-08, -1.285085E-07
0.00096, -1.576428E-07, -9.524908E-08, -1.260438E-07
0.0009999999, -1.474232E-07, -9.737474E-08, -1.220764E-07
0.00104, -1.409345E-07, -8.965839E-08, -1.149659E-07
0.00108, -1.385748E-07, -7.281795E-08, -1.052725E-07
0.00112, -1.394747E-07, -6.586861E-08, -1.021972E-07
0.00116, -1.372889E-07, -7.040239E-08, -1.034145E-07
0.0012, -1.333445E-07, -8.13415E-08, -1.070078E-07
0.00124, -1.265095E-07, -8.910542E-08, -1.075664E-07
0.00128, -1.246747E-07, -9.294502E-08, -1.086053E-07
0.00132, -1.267567E-07, -9.510485E-08, -1.107268E-07
0.00136, -1.328244E-07, -9.283951E-08, -1.125742E-07
0.0014, -1.34217E-07, -8.416139E-08, -1.088665E-07
0.00144, -1.335321E-07, -6.753653E-08, -1.001089E-07
0.00148, -1.283765E-07, -4.674651E-08, -8.703533E-08
0.00152, -1.245495E-07, -2.841374E-08, -7.586193E-08
0.00156, -1.167857E-07, -1.182143E-08, -6.362694E-08
0.0016, -1.058461E-07, 8.412703E-09, -4.798017E-08
0.00164, -8.411949E-08, 3.604806E-08, -2.326109E-08
0.00168, -5.542832E-08, 6.918335E-08, 7.680786E-09
0.00172, -2.454066E-08, 1.037515E-07, 4.043243E-08
0.00176, 3.255123E-09, 1.386186E-07, 7.180945E-08
0.0018, 2.921751E-08, 1.710745E-07, 1.010605E-07
0.00184, 5.277142E-08, 1.932783E-07, 1.239306E-07
0.00188, 7.137261E-08, 2.019654E-07, 1.375108E-07
0.00192, 7.508532E-08, 1.916015E-07, 1.340945E-07
0.00196, 6.268607E-08, 1.663418E-07, 1.151821E-07
0.002, 3.879062E-08, 1.333476E-07, 8.667861E-08
0.00204, 1.013295E-08, 1.016615E-07, 5.648725E-08
0.00208, -1.582799E-08, 7.044373E-08, 2.786399E-08
0.00212, -3.945367E-08, 3.36666E-08, -2.422198E-09
0.00216, -5.559612E-08, -5.488936E-09, -3.021954E-08
0.0022, -7.309452E-08, -4.100865E-08, -5.684476E-08
0.00224, -1.021549E-07, -7.278536E-08, -8.72808E-08
0.00228, -1.383643E-07, -1.038871E-07, -1.209035E-07
0.00232, -1.676809E-07, -1.371502E-07, -1.522188E-07
0.00236, -1.827648E-07, -1.593954E-07, -1.709295E-07
0.0024, -1.871958E-07, -1.746468E-07, -1.808404E-07
0.00244, -1.887669E-07, -1.845855E-07, -1.866492E-07
0.00248, -1.893114E-07, -1.9354E-07, -1.91453E-07
0.00252, -1.990002E-07, -1.970377E-07, -1.980063E-07
0.00256, -2.136006E-07, -1.928087E-07, -2.030706E-07
0.0026, -2.22696E-07, -1.847371E-07, -2.034719E-07
0.00264, -2.223391E-07, -1.673006E-07, -1.944651E-07
0.00268, -2.181491E-07, -1.403222E-07, -1.78734E-07
0.00272, -2.153776E-07, -9.815654E-08, -1.560114E-07
0.00276, -2.123666E-07, -5.097542E-08, -1.306307E-07
0.0028, -2.049948E-07, -2.373238E-09, -1.023779E-07
0.00284, -1.970967E-07, 4.058021E-08, -7.672613E-08
0.00288, -1.881964E-07, 7.351927E-08, -5.565152E-08
0.00292, -1.806034E-07, 9.888019E-08, -3.906001E-08
0.00296, -1.734695E-07, 1.154575E-07, -2.714354E-08
0.003, -1.678929E-07, 1.28057E-07, -1.801022E-08
0.00304, -1.645693E-07, 1.345798E-07, -1.306635E-08
0.00308, -1.680012E-07, 1.284243E-07, -1.787763E-08
0.00312, -1.775436E-07, 1.105849E-07, -3.1622E-08
0.00316, -1.883017E-07, 8.348906E-08, -5.06543E-08
0.0032, -2.014514E-07, 5.718568E-08, -7.046566E-08
0.00324, -2.179584E-07, 3.061179E-08, -9.2071E-08
0.00328, -2.396851E-07, 2.050496E-09, -1.17259E-07
0.00332, -2.619912E-07, -2.38456E-08, -1.413833E-07
0.00336, -2.789618E-07, -4.81215E-08, -1.620536E-07
0.0034, -2.880878E-07, -6.179715E-08, -1.734838E-07
0.00344, -2.866647E-07, -6.578986E-08, -1.748035E-07
0.00348, -2.745385E-07, -6.336087E-08, -1.675884E-07
0.00352, -2.55562E-07, -5.506779E-08, -1.540225E-07
0.00356, -2.284038E-07, -3.865848E-08, -1.32308E-07
0.0036, -1.916772E-07, -9.456474E-09, -9.939221E-08
0.00364, -1.487136E-07, 2.909251E-08, -5.866438E-08
0.00368, -1.043635E-07, 5.536772E-08, -2.346824E-08
0.00372, -6.590877E-08, 7.259612E-08, 4.236494E-09
0.00376, -3.346076E-08, 8.083726E-08, 2.442503E-08
0.0038, -1.712779E-09, 9.354085E-08, 4.652805E-08
0.00384, 2.616242E-08, 1.069341E-07, 6.706892E-08
0.00388, 4.686862E-08, 1.17292E-07, 8.253426E-08
0.00392, 5.216602E-08, 1.198263E-07, 8.643229E-08
0.00396, 5.176323E-08, 1.149937E-07, 8.378606E-08
0.004, 4.678916E-08, 1.007903E-07, 7.413781E-08
0.00404, 3.421447E-08, 8.493112E-08, 5.989972E-08
0.00408, 1.184121E-08, 6.238854E-08, 3.744071E-08
0.00412, -1.066477E-08, 4.17992E-08, 1.59054E-08
0.00416, -2.826541E-08, 2.266648E-08, -2.471156E-09
0.0042, -4.046336E-08, 6.294351E-09, -1.67831E-08
0.00424, -5.511253E-08, -1.377172E-08, -3.417564E-08
0.00428, -7.216711E-08, -3.395218E-08, -5.281331E-08
0.00432, -8.834154E-08, -5.133223E-08, -6.959833E-08
0.00436, -9.517346E-08, -6.661332E-08, -8.070929E-08
0.0044, -9.145474E-08, -8.309408E-08, -8.722052E-08
0.00444, -8.820735E-08, -1.002734E-07, -9.431817E-08
0.00448, -8.913931E-08, -1.178095E-07, -1.036592E-07
0.00452, -8.676746E-08, -1.305963E-07, -1.089644E-07
0.00456, -7.254848E-08, -1.34149E-07, -1.037458E-07
0.0046, -5.610556E-08, -1.273721E-07, -9.219821E-08
0.00464, -4.167605E-08, -1.154029E-07, -7.901472E-08
0.00468, -3.514614E-08, -1.016261E-07, -6.881465E-08
0.00472, -2.796493E-08, -8.530448E-08, -5.700434E-08
0.00476, -1.902204E-08, -6.878813E-08, -4.42259E-08
0.0048, -7.078814E-09, -5.212613E-08, -2.989286E-08
0.00484, 1.081161E-08, -3.551168E-08, -1.264865E-08
0.00488, 3.192355E-08, -1.433664E-08, 8.495245E-09
0.00492, 5.296068E-08, 1.651249E-08, 3.450162E-08
0.00496, 6.991911E-08, 5.552843E-08, 6.2631E-08
0.005, 9.235961E-08, 9.691229E-08, 9.466529E-08
0.00504, 1.204361E-07, 1.34516E-07, 1.275668E-07
0.00508, 1.472161E-07, 1.693561E-07, 1.584288E-07
0.00512, 1.654603E-07, 2.083553E-07, 1.871843E-07
0.00516, 1.794383E-07, 2.445661E-07, 2.12422E-07
0.0052, 1.936634E-07, 2.748951E-07, 2.348028E-07
0.00524, 2.056966E-07, 2.951857E-07, 2.51018E-07
0.00528, 2.158036E-07, 3.112426E-07, 2.641383E-07
0.00532, 2.253368E-07, 3.201674E-07, 2.733634E-07
0.00536, 2.35195E-07, 3.261283E-07, 2.812478E-07
0.0054, 2.451872E-07, 3.323256E-07, 2.893181E-07
0.00544, 2.54783E-07, 3.406249E-07, 2.982573E-07
0.00548, 2.661908E-07, 3.473526E-07, 3.072949E-07
0.00552, 2.803717E-07, 3.544147E-07, 3.178705E-07
0.00556, 2.945769E-07, 3.61465E-07, 3.284522E-07
0.0056, 3.036436E-07, 3.698683E-07, 3.371828E-07
0.00564, 3.107895E-07, 3.782938E-07, 3.449768E-07
0.00568, 3.232606E-07, 3.893356E-07, 3.567241E-07
0.00572, 3.365414E-07, 4.048321E-07, 3.71127E-07
0.00576, 3.46642E-07, 4.195038E-07, 3.835426E-07
0.0058, 3.485136E-07, 4.311785E-07, 3.903789E-07
0.00584, 3.427298E-07, 4.363561E-07, 3.901465E-07
0.00588, 3.345497E-07, 4.326798E-07, 3.842473E-07
0.00592, 3.243909E-07, 4.157474E-07, 3.70658E-07
0.00596, 3.179646E-07, 3.899152E-07, 3.544037E-07
0.006, 3.021789E-07, 3.554883E-07, 3.291773E-07
0.00604, 2.797125E-07, 3.245946E-07, 3.024429E-07
0.00608, 2.52301E-07, 2.955693E-07, 2.742141E-07
0.00612, 2.27774E-07, 2.732019E-07, 2.507808E-07
0.00616, 2.00654E-07, 2.495057E-07, 2.253948E-07
0.0062, 1.672587E-07, 2.226226E-07, 1.952975E-07
0.00624, 1.334409E-07, 1.929643E-07, 1.635863E-07
0.00628, 1.035736E-07, 1.687286E-07, 1.365711E-07
0.00632, 7.906345E-08, 1.516668E-07, 1.158331E-07
0.00636, 4.601134E-08, 1.4379E-07, 9.553094E-08
0.0064, 9.956E-09, 1.345009E-07, 7.303125E-08
0.00644, -2.709859E-08, 1.227368E-07, 4.878498E-08
0.00648, -5.404176E-08, 1.091205E-07, 2.859113E-08
0.00652, -7.534435E-08, 9.771475E-08, 1.230076E-08
0.00656, -9.369547E-08, 8.788602E-08, -1.734223E-09
0.0066, -1.069627E-07, 7.692323E-08, -1.383436E-08
0.00664, -1.122143E-07, 6.761324E-08, -2.114134E-08
0.00668, -1.100377E-07, 5.857691E-08, -2.464346E-08
0.00672, -1.066591E-07, 4.783716E-08, -2.841506E-08
0.00676, -1.005899E-07, 3.871462E-08, -3.003964E-08
0.0068, -9.374878E-08, 3.412298E-08, -2.898863E-08
0.00684, -8.898219E-08, 3.488098E-08, -2.625217E-08
0.00688, -8.276499E-08, 3.89272E-08, -2.113446E-08
0.00692, -7.373212E-08, 4.706415E-08, -1.255532E-08
0.00696, -6.170191E-08, 6.427759E-08, 2.099924E-09
0.007, -4.684381E-08, 8.57885E-08, 2.032731E-08
0.00704, -2.808853E-08, 1.063229E-07, 3.998361E-08
0.00708, -2.778989E-09, 1.218257E-07, 6.032654E-08
0.00712, 2.294852E-08, 1.309289E-07, 7.763476E-08
0.00716, 5.012967E-08, 1.3228E-07, 9.173437E-08
0.0072, 7.390179E-08, 1.279217E-07, 1.012599E-07
0.00724, 8.911531E-08, 1.244627E-07, 1.070169E-07
0.00728, 9.696155E-08, 1.278164E-07, 1.125879E-07
0.00732, 1.039749E-07, 1.355698E-07, 1.19976E-07
0.00736, 1.120546E-07, 1.420806E-07, 1.272611E-07
0.0074, 1.216001E-07, 1.431061E-07, 1.324917E-07
0.00744, 1.272803E-07, 1.40481E-07, 1.339657E-07
0.00748, 1.2998E-07, 1.391252E-07, 1.346116E-07
0.00752, 1.257625E-07, 1.336268E-07, 1.297454E-07
0.00756, 1.19585E-07, 1.259491E-07, 1.22808E-07
0.0076, 1.081283E-07, 1.117385E-07, 1.099567E-07
0.00764, 9.303518E-08, 9.864538E-08, 9.587644E-08
0.00768, 7.659241E-08, 8.019369E-08, 7.841626E-08
0.00772, 6.174501E-08, 5.859188E-08, 6.014812E-08
0.00776, 4.804924E-08, 3.940136E-08, 4.366955E-08
0.0078, 3.562248E-08, 2.176276E-08, 2.860327E-08
0.00784, 2.434579E-08, 4.645881E-09, 1.436884E-08
0.007879999, 1.477442E-08, -1.769898E-08, -1.671616E-09
0.00792, -3.888002E-10, -3.332348E-08, -1.706845E-08
0.00796, -2.248604E-08, -4.772748E-08, -3.526948E-08
0.007999999, -5.127944E-08, -6.173025E-08, -5.657222E-08
0.00804, -8.014147E-08, -8.376153E-08, -8.197485E-08
0.00808, -1.020771E-07, -1.048667E-07, -1.034899E-07
0.008119999, -1.198821E-07, -1.184784E-07, -1.191712E-07
0.00816, -1.368512E-07, -1.284587E-07, -1.326008E-07
0.0082, -1.539989E-07, -1.41608E-07, -1.477236E-07
0.008239999, -1.678274E-07, -1.607183E-07, -1.64227E-07
0.00828, -1.826565E-07, -1.798241E-07, -1.812221E-07
0.00832, -1.988477E-07, -1.886837E-07, -1.937002E-07
0.008359999, -2.08564E-07, -1.886064E-07, -1.984565E-07
0.0084, -2.083825E-07, -1.832431E-07, -1.956507E-07
0.00844, -2.03622E-07, -1.787569E-07, -1.910291E-07
0.008479999, -1.967321E-07, -1.737995E-07, -1.85118E-07
0.00852, -1.871699E-07, -1.653147E-07, -1.761014E-07
0.00856, -1.786815E-07, -1.551382E-07, -1.667581E-07
0.008599999, -1.785839E-07, -1.453809E-07, -1.617684E-07
0.00864, -1.814866E-07, -1.38922E-07, -1.5993E-07
0.00868, -1.798469E-07, -1.349502E-07, -1.571091E-07
0.008719999, -1.669991E-07, -1.318835E-07, -1.49215E-07
0.00876, -1.498637E-07, -1.275371E-07, -1.385565E-07
0.0088, -1.341819E-07, -1.249298E-07, -1.294962E-07
0.008839999, -1.205258E-07, -1.301979E-07, -1.254242E-07
0.00888, -1.077528E-07, -1.393085E-07, -1.237341E-07
0.00892, -9.666982E-08, -1.470754E-07, -1.221975E-07
0.008959999, -9.223564E-08, -1.497793E-07, -1.213784E-07
0.009, -9.161485E-08, -1.528638E-07, -1.226342E-07
0.00904, -8.978447E-08, -1.558368E-07, -1.232364E-07
0.00908, -8.906615E-08, -1.600094E-07, -1.249951E-07
0.00912, -8.633122E-08, -1.632871E-07, -1.253052E-07
0.00916, -8.215027E-08, -1.691408E-07, -1.262063E-07
0.0092, -7.968682E-08, -1.690977E-07, -1.249686E-07
0.00924, -7.445352E-08, -1.630685E-07, -1.193323E-07
0.00928, -6.786276E-08, -1.492085E-07, -1.0906E-07
0.00932, -5.481834E-08, -1.420808E-07, -9.901209E-08
0.00936, -4.664111E-08, -1.353292E-07, -9.155687E-08
0.0094, -4.519352E-08, -1.293818E-07, -8.783037E-08
0.00944, -4.60079E-08, -1.146894E-07, -8.079137E-08
0.00948, -4.667601E-08, -1.0345E-07, -7.542899E-08
0.00952, -4.598807E-08, -9.772402E-08, -7.218955E-08
0.00956, -4.815262E-08, -1.042051E-07, -7.654019E-08
0.0096, -5.104E-08, -1.169041E-07, -8.439665E-08
0.00964, -5.318001E-08, -1.263017E-07, -9.021223E-08
0.00968, -5.431782E-08, -1.285612E-07, -9.191811E-08
0.00972, -5.431627E-08, -1.272145E-07, -9.123529E-08
0.00976, -5.370152E-08, -1.281658E-07, -9.14137E-08
0.0098, -5.049987E-08, -1.331828E-07, -9.237431E-08
0.009839999, -4.814939E-08, -1.353723E-07, -9.232312E-08
0.00988, -4.612549E-08, -1.349412E-07, -9.11059E-08
0.00992, -4.796961E-08, -1.311834E-07, -9.011291E-08
0.009959999, -5.008525E-08, -1.29474E-07, -9.029136E-08
0.01, -5.140139E-08, -1.302945E-07, -9.13565E-08
0.01004, -5.184829E-08, -1.347376E-07, -9.382727E-08
0.01008, -5.341021E-08, -1.445098E-07, -9.954726E-08
0.01012, -5.491417E-08, -1.588975E-07, -1.075761E-07
0.01016, -5.513834E-08, -1.699629E-07, -1.132908E-07
0.0102, -4.832483E-08, -1.802836E-07, -1.151548E-07
0.01024, -4.07608E-08, -1.887015E-07, -1.156848E-07
0.01028, -3.384347E-08, -1.962737E-07, -1.161056E-07
0.01032, -2.741111E-08, -1.926987E-07, -1.111204E-07
0.01036, -2.440177E-08, -1.866888E-07, -1.065914E-07
0.0104, -2.676919E-08, -1.834007E-07, -1.060946E-07
0.01044, -3.628256E-08, -1.868033E-07, -1.125132E-07
0.01048, -4.385269E-08, -1.915035E-07, -1.186299E-07
0.01052, -4.632066E-08, -1.950964E-07, -1.216676E-07
0.01056, -4.531547E-08, -1.955453E-07, -1.213988E-07
0.0106, -4.65906E-08, -1.912583E-07, -1.19857E-07
0.01064, -5.09332E-08, -1.886807E-07, -1.206949E-07
0.01068, -5.61071E-08, -1.856453E-07, -1.217113E-07
0.01072, -5.995403E-08, -1.84795E-07, -1.231793E-07
0.01076, -6.411659E-08, -1.818979E-07, -1.237665E-07
0.0108, -7.528497E-08, -1.857999E-07, -1.312549E-07
0.01084, -8.574701E-08, -1.941956E-07, -1.406704E-07
0.01088, -8.86039E-08, -2.001743E-07, -1.451083E-07
0.01092, -8.693522E-08, -1.969337E-07, -1.426435E-07
0.01096, -8.571655E-08, -1.888859E-07, -1.379663E-07
0.011, -8.447039E-08, -1.850537E-07, -1.354104E-07
0.01104, -7.747682E-08, -1.864138E-07, -1.326476E-07
0.01108, -6.734107E-08, -1.881738E-07, -1.285364E-07
0.01112, -6.154639E-08, -1.785652E-07, -1.208101E-07
0.01116, -5.940032E-08, -1.62694E-07, -1.11713E-07
0.0112, -5.893808E-08, -1.463813E-07, -1.032233E-07
0.01124, -5.470988E-08, -1.353025E-07, -9.552569E-08
0.01128, -5.400512E-08, -1.282312E-07, -9.159666E-08
0.01132, -5.89136E-08, -1.19449E-07, -8.957155E-08
0.01136, -6.223117E-08, -1.117134E-07, -8.729123E-08
0.0114, -6.228603E-08, -1.03389E-07, -8.310248E-08
0.01144, -5.613147E-08, -9.785037E-08, -7.725985E-08
0.01148, -5.605225E-08, -9.444332E-08, -7.549527E-08
0.01152, -5.964438E-08, -8.849E-08, -7.425314E-08
0.01156, -6.880849E-08, -7.702327E-08, -7.296885E-08
0.0116, -8.042824E-08, -6.379063E-08, -7.200219E-08
0.01164, -9.341022E-08, -5.22599E-08, -7.256981E-08
0.01168, -1.079724E-07, -4.60746E-08, -7.66245E-08
0.01172, -1.160734E-07, -4.088522E-08, -7.799462E-08
0.01176, -1.191286E-07, -3.867927E-08, -7.838534E-08
0.0118, -1.153595E-07, -4.050619E-08, -7.745034E-08
0.01184, -1.070618E-07, -4.919022E-08, -7.775296E-08
0.01188, -9.682994E-08, -5.647252E-08, -7.639109E-08
0.01192, -9.044496E-08, -5.624652E-08, -7.312529E-08
0.01196, -9.244619E-08, -4.756396E-08, -6.971576E-08
0.012, -9.622135E-08, -4.04705E-08, -6.798656E-08
0.01204, -9.539461E-08, -3.554879E-08, -6.508593E-08
0.01208, -8.938026E-08, -2.961622E-08, -5.9113E-08
0.01212, -8.116186E-08, -2.196372E-08, -5.118119E-08
0.01216, -6.627175E-08, -2.009063E-08, -4.28835E-08
0.0122, -5.78139E-08, -2.575419E-08, -4.157739E-08
0.01224, -5.690028E-08, -3.539854E-08, -4.601081E-08
0.01228, -6.544355E-08, -4.252924E-08, -5.383869E-08
0.01232, -6.604444E-08, -4.78687E-08, -5.683941E-08
0.01236, -6.289465E-08, -5.334192E-08, -5.805672E-08
0.0124, -6.014756E-08, -5.64353E-08, -5.826751E-08
0.01244, -6.259878E-08, -5.54498E-08, -5.897821E-08
0.01248, -6.182243E-08, -5.233264E-08, -5.701637E-08
0.01252, -6.331726E-08, -5.25855E-08, -5.788221E-08
0.01256, -6.591645E-08, -6.218227E-08, -6.40253E-08
0.0126, -6.822568E-08, -7.398646E-08, -7.114322E-08
0.01264, -7.047404E-08, -8.438442E-08, -7.751891E-08
0.01268, -7.941239E-08, -8.745543E-08, -8.348577E-08
0.01272, -9.514759E-08, -8.718786E-08, -9.111643E-08
0.01276, -1.074736E-07, -8.309846E-08, -9.512892E-08
0.0128, -1.100895E-07, -8.258265E-08, -9.615879E-08
0.01284, -1.052528E-07, -8.328132E-08, -9.412543E-08
0.01288, -1.057607E-07, -9.23504E-08, -9.896912E-08
0.01292, -1.120237E-07, -1.009304E-07, -1.064055E-07
0.01296, -1.246533E-07, -1.115796E-07, -1.180322E-07
0.013, -1.310505E-07, -1.187221E-07, -1.248068E-07
0.01304, -1.329723E-07, -1.193108E-07, -1.260535E-07
0.01308, -1.349552E-07, -1.182554E-07, -1.264977E-07
0.01312, -1.363509E-07, -1.115856E-07, -1.238086E-07
0.01316, -1.377908E-07, -1.094079E-07, -1.234164E-07
0.0132, -1.432927E-07, -1.109389E-07, -1.269072E-07
0.01324, -1.544656E-07, -1.173828E-07, -1.356852E-07
0.01328, -1.65219E-07, -1.235666E-07, -1.441243E-07
0.01332, -1.672172E-07, -1.241508E-07, -1.454064E-07
0.01336, -1.683292E-07, -1.24521E-07, -1.461427E-07
0.0134, -1.768984E-07, -1.256983E-07, -1.509683E-07
0.01344, -1.861739E-07, -1.280811E-07, -1.56753E-07
0.01348, -1.90611E-07, -1.334429E-07, -1.616584E-07
0.01352, -1.851229E-07, -1.44972E-07, -1.647887E-07
0.01356, -1.775863E-07, -1.557045E-07, -1.665043E-07
0.0136, -1.748087E-07, -1.596363E-07, -1.671247E-07
0.01364, -1.8073E-07, -1.528683E-07, -1.666195E-07
0.01368, -1.889194E-07, -1.416929E-07, -1.650017E-07
0.01372, -1.944121E-07, -1.29954E-07, -1.617676E-07
0.01376, -1.980957E-07, -1.217442E-07, -1.594278E-07
0.0138, -2.02118E-07, -1.184204E-07, -1.597297E-07
0.01384, -2.027754E-07, -1.129487E-07, -1.57283E-07
0.01388, -2.015338E-07, -1.01088E-07, -1.506634E-07
0.01392, -2.042748E-07, -8.887201E-08, -1.458295E-07
0.01396, -2.080865E-07, -8.557498E-08, -1.46041E-07
0.014, -2.079066E-07, -8.77423E-08, -1.470498E-07
0.01404, -2.040704E-07, -8.644904E-08, -1.445015E-07
0.01408, -2.038569E-07, -8.452255E-08, -1.434205E-07
0.01412, -2.12844E-07, -8.609823E-08, -1.486541E-07
0.01416, -2.239102E-07, -8.78835E-08, -1.5502E-07
0.0142, -2.270447E-07, -8.539512E-08, -1.553068E-07
0.01424, -2.191588E-07, -8.07424E-08, -1.490584E-07
0.01428, -2.086036E-07, -7.861673E-08, -1.427723E-07
0.01432, -2.028029E-07, -7.608672E-08, -1.38628E-07
0.01436, -1.989575E-07, -7.714365E-08, -1.372654E-07
0.0144, -1.910549E-07, -8.53476E-08, -1.375198E-07
0.01444, -1.817932E-07, -9.304017E-08, -1.368445E-07
0.01448, -1.757544E-07, -9.520151E-08, -1.349587E-07
0.01452, -1.704173E-07, -9.396771E-08, -1.316997E-07
0.01456, -1.633917E-07, -9.222705E-08, -1.273506E-07
0.0146, -1.470922E-07, -8.85376E-08, -1.174374E-07
0.01464, -1.303823E-07, -8.34702E-08, -1.066239E-07
0.01468, -1.199599E-07, -8.464453E-08, -1.020745E-07
0.01472, -1.21653E-07, -9.459808E-08, -1.079511E-07
0.01476, -1.305761E-07, -1.068973E-07, -1.18584E-07
0.0148, -1.355684E-07, -1.14954E-07, -1.251283E-07
0.01484, -1.3217E-07, -1.139833E-07, -1.229594E-07
0.01488, -1.241194E-07, -1.104395E-07, -1.171912E-07
0.01492, -1.193833E-07, -1.061732E-07, -1.126931E-07
0.01496, -1.19911E-07, -1.062803E-07, -1.130078E-07
0.015, -1.197356E-07, -1.088222E-07, -1.142086E-07
0.01504, -1.208552E-07, -1.157462E-07, -1.182678E-07
0.01508, -1.218559E-07, -1.27821E-07, -1.248769E-07
0.01512, -1.228076E-07, -1.394334E-07, -1.312277E-07
0.01516, -1.193238E-07, -1.460468E-07, -1.328576E-07
0.0152, -1.125636E-07, -1.498477E-07, -1.31446E-07
0.01524, -1.052589E-07, -1.562039E-07, -1.310598E-07
0.01528, -9.768718E-08, -1.667283E-07, -1.326528E-07
0.01532, -9.610694E-08, -1.730741E-07, -1.350867E-07
0.01536, -1.010352E-07, -1.76386E-07, -1.391963E-07
0.0154, -1.087762E-07, -1.795478E-07, -1.446182E-07
0.01544, -1.13494E-07, -1.842153E-07, -1.493106E-07
0.01548, -1.111313E-07, -1.862503E-07, -1.491751E-07
0.01552, -1.107759E-07, -1.853525E-07, -1.485449E-07
0.01556, -1.112762E-07, -1.856483E-07, -1.489417E-07
0.0156, -1.124965E-07, -1.873131E-07, -1.503871E-07
0.01564, -1.125743E-07, -1.897436E-07, -1.516564E-07
0.01568, -1.149156E-07, -1.910621E-07, -1.534797E-07
0.01572, -1.194992E-07, -1.916596E-07, -1.560446E-07
0.01576, -1.202711E-07, -1.887253E-07, -1.549395E-07
0.0158, -1.160841E-07, -1.825579E-07, -1.497495E-07
0.01584, -1.186253E-07, -1.725806E-07, -1.459507E-07
0.01588, -1.311557E-07, -1.656134E-07, -1.486067E-07
0.01592, -1.491712E-07, -1.63507E-07, -1.564315E-07
0.01596, -1.610504E-07, -1.715148E-07, -1.6635E-07
0.016, -1.662547E-07, -1.882853E-07, -1.77412E-07
0.01604, -1.701214E-07, -2.032409E-07, -1.868947E-07
0.01608, -1.757224E-07, -2.036348E-07, -1.898585E-07
0.01612, -1.8368E-07, -1.947545E-07, -1.892886E-07
0.01616, -1.903471E-07, -1.889914E-07, -1.896605E-07
0.0162, -1.990094E-07, -1.900141E-07, -1.944538E-07
0.01624, -2.066299E-07, -1.873221E-07, -1.968515E-07
0.01628, -2.148407E-07, -1.790067E-07, -1.966927E-07
0.01632, -2.212302E-07, -1.692033E-07, -1.948814E-07
0.01636, -2.293495E-07, -1.636022E-07, -1.96052E-07
0.0164, -2.369166E-07, -1.619017E-07, -1.989256E-07
0.01644, -2.408382E-07, -1.660846E-07, -2.029795E-07
0.01648, -2.362454E-07, -1.70828E-07, -2.03115E-07
0.01652, -2.288965E-07, -1.701874E-07, -1.991635E-07
0.01656, -2.25405E-07, -1.6285E-07, -1.937243E-07
0.0166, -2.23088E-07, -1.574333E-07, -1.898374E-07
0.01664, -2.167778E-07, -1.555291E-07, -1.857586E-07
0.01668, -2.006766E-07, -1.57243E-07, -1.786798E-07
0.01672, -1.848255E-07, -1.535729E-07, -1.689977E-07
0.01676, -1.732178E-07, -1.477503E-07, -1.603199E-07
0.0168, -1.711098E-07, -1.410106E-07, -1.558662E-07
0.01684, -1.736129E-07, -1.380911E-07, -1.55623E-07
0.01688, -1.743542E-07, -1.366448E-07, -1.552564E-07
0.01692, -1.667154E-07, -1.397589E-07, -1.530634E-07
0.01696, -1.523424E-07, -1.417568E-07, -1.469813E-07
0.017, -1.327207E-07, -1.42341E-07, -1.375928E-07
0.01704, -1.178337E-07, -1.436832E-07, -1.309251E-07
0.01708, -1.075774E-07, -1.460423E-07, -1.270578E-07
0.01712, -9.852467E-08, -1.506995E-07, -1.249484E-07
0.01716, -8.852312E-08, -1.506832E-07, -1.200039E-07
0.0172, -8.37931E-08, -1.509507E-07, -1.178048E-07
0.01724, -8.326229E-08, -1.465136E-07, -1.152957E-07
0.01728, -7.941848E-08, -1.388195E-07, -1.095019E-07
0.01732, -6.497523E-08, -1.28429E-07, -9.711115E-08
0.01736, -4.564486E-08, -1.233467E-07, -8.499668E-08
0.0174, -2.763392E-08, -1.21942E-07, -7.539588E-08
0.01744, -1.310077E-08, -1.186999E-07, -6.658104E-08
0.01748, -9.609327E-09, -1.0708E-07, -5.897298E-08
0.01752, -1.459707E-08, -9.092935E-08, -5.325528E-08
0.01756, -1.99448E-08, -8.05685E-08, -5.064746E-08
0.0176, -1.765535E-08, -7.970634E-08, -4.908085E-08
0.01764, -1.039635E-08, -7.894226E-08, -4.511118E-08
0.01768, -5.111041E-09, -7.793892E-08, -4.199445E-08
0.01772, -1.995455E-10, -7.243447E-08, -3.678266E-08
0.01776, 4.208475E-09, -6.293579E-08, -2.979649E-08
0.0178, 2.324588E-09, -5.282026E-08, -2.560332E-08
0.01784, 4.271261E-10, -4.306586E-08, -2.159974E-08
0.01788, -3.33719E-09, -4.633615E-08, -2.511386E-08
0.01792, 1.70553E-09, -4.740642E-08, -2.316704E-08
0.01796, 6.263213E-09, -5.308035E-08, -2.379112E-08
0.018, 1.584367E-08, -4.951131E-08, -1.725512E-08
0.01804, 2.242396E-08, -4.826559E-08, -1.337649E-08
0.01808, 3.109982E-08, -4.725778E-08, -8.584097E-09
0.01812, 4.003515E-08, -5.11018E-08, -6.12082E-09
0.01816, 5.016165E-08, -5.662864E-08, -3.921899E-09
0.0182, 5.462632E-08, -5.844957E-08, -2.640542E-09
0.01824, 5.574123E-08, -5.916312E-08, -2.451644E-09
0.01828, 6.203781E-08, -5.588389E-08, 2.316805E-09
0.01832, 7.184718E-08, -5.166817E-08, 9.293295E-09
0.01836, 8.641087E-08, -5.337168E-08, 1.561853E-08
0.0184, 9.95575E-08, -5.795602E-08, 1.978537E-08
0.01844, 1.095986E-07, -6.610496E-08, 2.061419E-08
0.01848, 1.152743E-07, -7.038009E-08, 2.125034E-08
0.01852, 1.178979E-07, -7.517547E-08, 2.011661E-08
0.01856, 1.191396E-07, -8.076621E-08, 1.789804E-08
0.0186, 1.19794E-07, -8.117057E-08, 1.801623E-08
0.01864, 1.216335E-07, -7.411423E-08, 2.249781E-08
0.01868, 1.323473E-07, -6.139285E-08, 3.422836E-08
0.01872, 1.454529E-07, -5.71994E-08, 4.28204E-08
0.01876, 1.554193E-07, -6.009065E-08, 4.627511E-08
0.0188, 1.549419E-07, -6.372361E-08, 4.419958E-08
0.01884, 1.483664E-07, -5.923745E-08, 4.322622E-08
0.01888, 1.443182E-07, -5.178719E-08, 4.500136E-08
0.01892, 1.49695E-07, -4.662762E-08, 5.026813E-08
0.01896, 1.583099E-07, -4.260365E-08, 5.655797E-08
0.019, 1.622285E-07, -4.153782E-08, 5.903182E-08
0.01904, 1.665009E-07, -4.159428E-08, 6.111187E-08
0.01908, 1.796475E-07, -4.051514E-08, 6.814697E-08
0.01912, 1.956541E-07, -3.443833E-08, 7.912465E-08
0.01916, 2.06638E-07, -2.69598E-08, 8.833327E-08
0.0192, 2.086239E-07, -1.820886E-08, 9.37453E-08
0.01924, 2.035354E-07, -1.219005E-08, 9.428207E-08
0.01928, 1.95834E-07, -7.185028E-09, 9.301579E-08
0.01932, 1.90834E-07, -2.590294E-09, 9.287502E-08
0.01936, 1.918027E-07, 6.523354E-09, 9.796866E-08
0.0194, 1.974631E-07, 1.943497E-08, 1.073014E-07
0.01944, 1.998991E-07, 3.267512E-08, 1.152091E-07
0.01948, 1.981756E-07, 3.960352E-08, 1.178674E-07
0.01952, 1.871505E-07, 4.157317E-08, 1.134234E-07
0.01956, 1.773944E-07, 4.172184E-08, 1.086835E-07
0.0196, 1.690889E-07, 4.490741E-08, 1.061976E-07
0.01964, 1.695832E-07, 4.663168E-08, 1.073148E-07
0.01968, 1.691378E-07, 4.791152E-08, 1.077432E-07
0.01972, 1.70204E-07, 4.718312E-08, 1.079006E-07
0.01976, 1.691759E-07, 5.128729E-08, 1.094717E-07
0.0198, 1.658843E-07, 5.176448E-08, 1.080887E-07
0.01984, 1.64536E-07, 5.682005E-08, 1.099837E-07
0.01988, 1.592432E-07, 6.21447E-08, 1.10068E-07
0.01992, 1.520729E-07, 6.754362E-08, 1.092633E-07
0.01996, 1.456101E-07, 7.060444E-08, 1.076237E-07
0.02, 1.467892E-07, 7.097145E-08, 1.083916E-07
0.02004, 1.523183E-07, 7.115876E-08, 1.112154E-07
0.02008, 1.54231E-07, 7.240435E-08, 1.127902E-07
0.02012, 1.524189E-07, 7.12346E-08, 1.113034E-07
0.02016, 1.492249E-07, 7.119741E-08, 1.097081E-07
0.0202, 1.443438E-07, 7.458367E-08, 1.090141E-07
0.02024, 1.339579E-07, 8.252299E-08, 1.079089E-07
0.02028, 1.255946E-07, 9.168424E-08, 1.084208E-07
0.02032, 1.221185E-07, 9.474198E-08, 1.082537E-07
0.02036, 1.230444E-07, 9.391542E-08, 1.082922E-07
0.0204, 1.26989E-07, 9.558922E-08, 1.110867E-07
0.02044, 1.334518E-07, 9.95358E-08, 1.162752E-07
0.02048, 1.416442E-07, 1.073117E-07, 1.242566E-07
0.02052, 1.486209E-07, 1.11945E-07, 1.300465E-07
0.02056, 1.522328E-07, 1.170987E-07, 1.344393E-07
0.0206, 1.561682E-07, 1.21842E-07, 1.387839E-07
0.02064, 1.567831E-07, 1.292254E-07, 1.428266E-07
0.02068, 1.533739E-07, 1.374828E-07, 1.453259E-07
0.02072, 1.478905E-07, 1.471212E-07, 1.475009E-07
0.02076, 1.491808E-07, 1.614495E-07, 1.553943E-07
0.0208, 1.591458E-07, 1.709512E-07, 1.651245E-07
0.02084, 1.73601E-07, 1.766785E-07, 1.751596E-07
0.02088, 1.884667E-07, 1.753763E-07, 1.818371E-07
0.02092, 2.063662E-07, 1.783492E-07, 1.921771E-07
0.02096, 2.22167E-07, 1.826437E-07, 2.021505E-07
0.021, 2.335061E-07, 1.877275E-07, 2.103217E-07
0.02104, 2.405226E-07, 1.907511E-07, 2.15316E-07
0.02108, 2.49168E-07, 1.911108E-07, 2.197651E-07
0.02112, 2.587438E-07, 1.904509E-07, 2.241571E-07
0.02116, 2.681339E-07, 1.916207E-07, 2.293841E-07
0.0212, 2.713204E-07, 2.025553E-07, 2.364946E-07
0.02124, 2.715373E-07, 2.143045E-07, 2.425519E-07
0.02128, 2.729785E-07, 2.191118E-07, 2.456979E-07
0.02132, 2.744352E-07, 2.182081E-07, 2.459592E-07
0.02136, 2.778837E-07, 2.179642E-07, 2.475377E-07
0.0214, 2.785777E-07, 2.223686E-07, 2.501108E-07
0.02144, 2.808868E-07, 2.280871E-07, 2.541466E-07
0.02148, 2.825722E-07, 2.362538E-07, 2.591144E-07
0.02152, 2.845474E-07, 2.476731E-07, 2.658726E-07
0.02156, 2.883075E-07, 2.557357E-07, 2.718116E-07
0.0216, 2.878149E-07, 2.57848E-07, 2.726383E-07
0.02164, 2.875495E-07, 2.574155E-07, 2.722883E-07
0.02168, 2.889361E-07, 2.524538E-07, 2.704597E-07
0.02172, 2.960091E-07, 2.50233E-07, 2.72826E-07
0.02176, 3.013432E-07, 2.489114E-07, 2.747893E-07
0.0218, 3.067611E-07, 2.480923E-07, 2.770485E-07
0.02184, 3.101549E-07, 2.477444E-07, 2.785473E-07
0.02188, 3.11003E-07, 2.472494E-07, 2.787152E-07
0.02192, 3.073929E-07, 2.487002E-07, 2.776682E-07
0.02196, 3.034926E-07, 2.47187E-07, 2.749768E-07
0.022, 3.023104E-07, 2.42393E-07, 2.719655E-07
0.02204, 3.05829E-07, 2.41513E-07, 2.732564E-07
0.02208, 3.121453E-07, 2.387733E-07, 2.749863E-07
0.02212, 3.169014E-07, 2.384494E-07, 2.771696E-07
0.02216, 3.204935E-07, 2.3436E-07, 2.768715E-07
0.0222, 3.202238E-07, 2.344821E-07, 2.768002E-07
0.02224, 3.168421E-07, 2.331546E-07, 2.744589E-07
0.02228, 3.11711E-07, 2.375561E-07, 2.741555E-07
0.02232, 3.119518E-07, 2.499312E-07, 2.805417E-07
0.02236, 3.162105E-07, 2.658886E-07, 2.907252E-07
0.0224, 3.142139E-07, 2.827707E-07, 2.982896E-07
0.02244, 3.071012E-07, 2.918606E-07, 2.993826E-07
0.02248, 3.004066E-07, 2.934422E-07, 2.968795E-07
0.02252, 2.958976E-07, 2.886111E-07, 2.922074E-07
0.02256, 2.869168E-07, 2.770297E-07, 2.819095E-07
0.0226, 2.809422E-07, 2.661651E-07, 2.734584E-07
0.02264, 2.757945E-07, 2.589229E-07, 2.672499E-07
0.02268, 2.734927E-07, 2.604244E-07, 2.668743E-07
0.02272, 2.703899E-07, 2.65749E-07, 2.680395E-07
0.02276, 2.74171E-07, 2.665548E-07, 2.703138E-07
0.0228, 2.767855E-07, 2.627212E-07, 2.696627E-07
0.02284, 2.698532E-07, 2.570143E-07, 2.63351E-07
0.02288, 2.58433E-07, 2.532431E-07, 2.558046E-07
0.02292, 2.541699E-07, 2.527733E-07, 2.534626E-07
0.02296, 2.557424E-07, 2.552485E-07, 2.554922E-07
0.023, 2.528657E-07, 2.554951E-07, 2.541974E-07
0.02304, 2.443223E-07, 2.528076E-07, 2.486196E-07
0.02308, 2.349721E-07, 2.508097E-07, 2.42993E-07
0.02312, 2.306356E-07, 2.475307E-07, 2.39192E-07
0.02316, 2.327572E-07, 2.413051E-07, 2.370863E-07
0.0232, 2.401032E-07, 2.311672E-07, 2.355776E-07
0.02324, 2.482834E-07, 2.203083E-07, 2.341155E-07
0.02328, 2.46653E-07, 2.129325E-07, 2.295753E-07
0.02332, 2.382668E-07, 2.056352E-07, 2.217407E-07
0.02336, 2.281251E-07, 1.999777E-07, 2.1387E-07
0.0234, 2.201707E-07, 1.943499E-07, 2.070938E-07
0.02344, 2.11998E-07, 1.892528E-07, 2.004788E-07
0.02348, 2.028476E-07, 1.895829E-07, 1.961297E-07
0.02352, 1.957487E-07, 1.896228E-07, 1.926463E-07
0.02356, 1.934546E-07, 1.913025E-07, 1.923647E-07
0.0236, 1.924372E-07, 1.876412E-07, 1.900083E-07
0.02364, 1.891167E-07, 1.803279E-07, 1.846656E-07
0.02368, 1.854224E-07, 1.713971E-07, 1.783193E-07
0.02372, 1.776158E-07, 1.609382E-07, 1.691695E-07
0.02376, 1.71333E-07, 1.558023E-07, 1.634675E-07
0.0238, 1.663513E-07, 1.551304E-07, 1.606685E-07
0.02384, 1.673748E-07, 1.616873E-07, 1.644944E-07
0.02388, 1.697984E-07, 1.6902E-07, 1.694042E-07
0.02392, 1.709394E-07, 1.722307E-07, 1.715934E-07
0.02396, 1.636346E-07, 1.709761E-07, 1.673527E-07
0.024, 1.518212E-07, 1.667533E-07, 1.593835E-07
0.02404, 1.364217E-07, 1.636525E-07, 1.502126E-07
0.02408, 1.266962E-07, 1.614362E-07, 1.442901E-07
0.02412, 1.189687E-07, 1.526569E-07, 1.3603E-07
0.02416, 1.133967E-07, 1.362683E-07, 1.249799E-07
0.0242, 1.11667E-07, 1.199646E-07, 1.158693E-07
0.02424, 1.171018E-07, 1.175906E-07, 1.173494E-07
0.02428, 1.264367E-07, 1.27183E-07, 1.268146E-07
0.02432, 1.363758E-07, 1.398285E-07, 1.381244E-07
0.02436, 1.403431E-07, 1.408721E-07, 1.40611E-07
0.0244, 1.392906E-07, 1.352292E-07, 1.372337E-07
0.02444, 1.386514E-07, 1.263148E-07, 1.324036E-07
0.02448, 1.444368E-07, 1.230593E-07, 1.336103E-07
0.02452, 1.483829E-07, 1.188097E-07, 1.334056E-07
0.02456, 1.45497E-07, 1.131966E-07, 1.291386E-07
0.0246, 1.369903E-07, 1.058535E-07, 1.212211E-07
0.02464, 1.336376E-07, 1.045466E-07, 1.189046E-07
0.02468, 1.375149E-07, 1.090225E-07, 1.23085E-07
0.02472, 1.386148E-07, 1.12046E-07, 1.251591E-07
0.02476, 1.336454E-07, 1.082168E-07, 1.207672E-07
0.0248, 1.2847E-07, 9.778758E-08, 1.12931E-07
0.02484, 1.296919E-07, 8.674601E-08, 1.079421E-07
0.02488, 1.389413E-07, 7.817201E-08, 1.081649E-07
0.02492, 1.4302E-07, 7.266304E-08, 1.07388E-07
0.02496, 1.425638E-07, 7.481547E-08, 1.082529E-07
0.025, 1.375821E-07, 8.194023E-08, 1.094025E-07
